serial_no,period,year,state,city
1,"Sep 08, 2026 - Sep 08, 2026",2026,Gujarat,
2,"Sep 08, 2026 - Sep 08, 2026",2026,Maharashtra,
3,"Sep 05, 2026 - Sep 05, 2026",2026,Delhi,
4,"Aug 01, 2026 - Aug 01, 2026",2026,Andhra Pradesh,
5,"Aug 01, 2026 - Aug 01, 2026",2026,Karnataka,
6,"Jul 17, 2026 - Jul 17, 2026",2026,Punjab,
7,"Jul 04, 2026 - Jul 04, 2026",2026,Rajasthan,
8,"Jul 04, 2026 - Jul 04, 2026",2026,Gujarat,
9,"Jun 20, 2026 - Jun 21, 2026",2026,Odisha,
10,"Jun 20, 2026 - Jun 21, 2026",2026,West Bengal,
11,"Jun 05, 2026 - Jun 05, 2026",2026,Gujarat,
12,"Jun 05, 2026 - Jun 05, 2026",2026,Dadra and Nagar Haveli and Daman and Diu,Daman
13,"May 10, 2026 - May 12, 2026",2026,Assam,
14,"May 09, 2026 - May 09, 2026",2026,West Bengal,
15,"May 07, 2026 - May 07, 2026",2026,Bihar,
16,"Apr 26, 2026 - Apr 29, 2026",2026,Uttar Pradesh,
17,"Apr 23, 2026 - Apr 24, 2026",2026,West Bengal,
18,"Apr 18, 2026 - Apr 19, 2026",2026,Tamil Nadu,
19,"Apr 18, 2026 - Apr 19, 2026",2026,West Bengal,
20,"Apr 15, 2026 - Apr 15, 2026",2026,Karnataka,
21,"Apr 15, 2026 - Apr 15, 2026",2026,Tamil Nadu,
22,"Apr 14, 2026 - Apr 14, 2026",2026,Uttar Pradesh,
23,"Apr 14, 2026 - Apr 14, 2026",2026,Uttarakhand,
24,"Apr 11, 2026 - Apr 12, 2026",2026,West Bengal,
25,"Apr 09, 2026 - Apr 09, 2026",2026,West Bengal,
26,"Apr 05, 2026 - Apr 06, 2026",2026,West Bengal,
27,"Apr 05, 2026 - Apr 06, 2026",2026,Assam,
28,"Apr 03, 2026 - Apr 04, 2026",2026,Kerala,Keralam
29,"Mar 31, 2026 - Apr 01, 2026",2026,Gujarat,
30,"Mar 31, 2026 - Apr 01, 2026",2026,Assam,
31,"Mar 29, 2026 - Mar 29, 2026",2026,Kerala,Keralam
32,"Mar 28, 2026 - Mar 28, 2026",2026,Uttar Pradesh,
33,"Mar 13, 2026 - Mar 14, 2026",2026,Assam,
34,"Mar 13, 2026 - Mar 14, 2026",2026,West Bengal,
35,"Mar 11, 2026 - Mar 11, 2026",2026,Kerala,Keralam
36,"Mar 11, 2026 - Mar 11, 2026",2026,Tamil Nadu,
37,"Mar 08, 2026 - Mar 08, 2026",2026,Delhi,
38,"Feb 28, 2026 - Mar 01, 2026",2026,Puducherry,
39,"Feb 22, 2026 - Feb 22, 2026",2026,Uttar Pradesh,
40,"Feb 17, 2026 - Feb 17, 2026",2026,Maharashtra,
41,"Feb 14, 2026 - Feb 14, 2026",2026,Assam,
42,"Feb 01, 2026 - Feb 01, 2026",2026,Punjab,
43,"Jan 23, 2026 - Jan 23, 2026",2026,Kerala,
44,"Jan 23, 2026 - Jan 23, 2026",2026,Tamil Nadu,
45,"Jan 17, 2026 - Jan 18, 2026",2026,West Bengal,
46,"Jan 17, 2026 - Jan 18, 2026",2026,Assam,
47,"Jan 10, 2026 - Jan 12, 2026",2026,Gujarat,
48,"Dec 25, 2025 - Dec 25, 2025",2025,Uttar Pradesh,
49,"Dec 20, 2025 - Dec 21, 2025",2025,West Bengal,
50,"Dec 20, 2025 - Dec 21, 2025",2025,Assam,
51,"Nov 28, 2025 - Nov 30, 2025",2025,Chhattisgarh,
52,"Nov 25, 2025 - Nov 25, 2025",2025,Uttar Pradesh,
53,"Nov 25, 2025 - Nov 25, 2025",2025,Haryana,
54,"Nov 20, 2025 - Nov 20, 2025",2025,Bihar,
55,"Nov 19, 2025 - Nov 19, 2025",2025,Andhra Pradesh,
56,"Nov 19, 2025 - Nov 19, 2025",2025,Tamil Nadu,
57,"Nov 15, 2025 - Nov 15, 2025",2025,Gujarat,
58,"Nov 09, 2025 - Nov 09, 2025",2025,Uttarakhand,
59,"Nov 07, 2025 - Nov 08, 2025",2025,Bihar,
60,"Nov 07, 2025 - Nov 08, 2025",2025,Uttar Pradesh,
61,"Nov 06, 2025 - Nov 06, 2025",2025,Bihar,
62,"Nov 03, 2025 - Nov 03, 2025",2025,Bihar,
63,"Nov 02, 2025 - Nov 02, 2025",2025,Bihar,
64,"Nov 01, 2025 - Nov 01, 2025",2025,Chhattisgarh,
65,"Oct 30, 2025 - Oct 31, 2025",2025,Gujarat,
66,"Oct 30, 2025 - Oct 30, 2025",2025,Bihar,
67,"Oct 29, 2025 - Oct 29, 2025",2025,Maharashtra,
68,"Oct 24, 2025 - Oct 24, 2025",2025,Bihar,
69,"Oct 20, 2025 - Oct 20, 2025",2025,Maharashtra,Ins Vikrant
70,"Oct 16, 2025 - Oct 16, 2025",2025,Andhra Pradesh,
71,"Oct 08, 2025 - Oct 09, 2025",2025,Maharashtra,
72,"Sep 27, 2025 - Sep 27, 2025",2025,Odisha,
73,"Sep 25, 2025 - Sep 25, 2025",2025,Uttar Pradesh,
74,"Sep 25, 2025 - Sep 25, 2025",2025,Rajasthan,
75,"Sep 22, 2025 - Sep 22, 2025",2025,Arunachal Pradesh,
76,"Sep 22, 2025 - Sep 22, 2025",2025,Tripura,
77,"Sep 20, 2025 - Sep 20, 2025",2025,Gujarat,
78,"Sep 17, 2025 - Sep 17, 2025",2025,Madhya Pradesh,
79,"Sep 13, 2025 - Sep 15, 2025",2025,Bihar,
80,"Sep 11, 2025 - Sep 11, 2025",2025,Uttar Pradesh,
81,"Sep 11, 2025 - Sep 11, 2025",2025,Uttarakhand,
82,"Sep 09, 2025 - Sep 09, 2025",2025,Himachal Pradesh,
83,"Sep 09, 2025 - Sep 09, 2025",2025,Punjab,
84,"Aug 25, 2025 - Aug 26, 2025",2025,Gujarat,
85,"Aug 22, 2025 - Aug 22, 2025",2025,Bihar,
86,"Aug 22, 2025 - Aug 22, 2025",2025,West Bengal,
87,"Aug 17, 2025 - Aug 17, 2025",2025,Delhi,
88,"Aug 10, 2025 - Aug 10, 2025",2025,Karnataka,
89,"Aug 02, 2025 - Aug 02, 2025",2025,Uttar Pradesh,
90,"Jul 26, 2025 - Jul 27, 2025",2025,Tamil Nadu,
91,"Jul 18, 2025 - Jul 18, 2025",2025,Bihar,
92,"Jul 18, 2025 - Jul 18, 2025",2025,West Bengal,
93,"Jun 20, 2025 - Jun 21, 2025",2025,Andhra Pradesh,
94,"Jun 13, 2025 - Jun 13, 2025",2025,Gujarat,
95,"Jun 06, 2025 - Jun 06, 2025",2025,Jammu and Kashmir,Jammu
96,"Jun 06, 2025 - Jun 06, 2025",2025,Jammu and Kashmir,
97,"May 31, 2025 - May 31, 2025",2025,Madhya Pradesh,
98,"May 29, 2025 - May 30, 2025",2025,Uttar Pradesh,
99,"May 26, 2025 - May 27, 2025",2025,Gujarat,
100,"May 22, 2025 - May 22, 2025",2025,Rajasthan,
101,"May 13, 2025 - May 13, 2025",2025,Punjab,
102,"May 01, 2025 - May 02, 2025",2025,Andhra Pradesh,
103,"Apr 24, 2025 - Apr 24, 2025",2025,Bihar,
104,"Apr 14, 2025 - Apr 14, 2025",2025,Haryana,
105,"Apr 11, 2025 - Apr 11, 2025",2025,Uttar Pradesh,
106,"Apr 11, 2025 - Apr 11, 2025",2025,Madhya Pradesh,
107,"Apr 06, 2025 - Apr 06, 2025",2025,Tamil Nadu,
108,"Mar 30, 2025 - Mar 30, 2025",2025,Maharashtra,
109,"Mar 30, 2025 - Mar 30, 2025",2025,Chhattisgarh,
110,"Mar 07, 2025 - Mar 08, 2025",2025,Dadra and Nagar Haveli and Daman and Diu,Dadra
111,"Mar 07, 2025 - Mar 08, 2025",2025,Dadra and Nagar Haveli and Daman and Diu,Diu
112,"Mar 07, 2025 - Mar 08, 2025",2025,Gujarat,
113,"Mar 06, 2025 - Mar 06, 2025",2025,Uttarakhand,
114,"Mar 01, 2025 - Mar 03, 2025",2025,Gujarat,
115,"Feb 23, 2025 - Feb 25, 2025",2025,Assam,
116,"Feb 05, 2025 - Feb 05, 2025",2025,Uttar Pradesh,
117,"Jan 28, 2025 - Jan 28, 2025",2025,Odisha,
118,"Jan 28, 2025 - Jan 28, 2025",2025,Uttarakhand,
119,"Jan 15, 2025 - Jan 15, 2025",2025,Maharashtra,
120,"Jan 13, 2025 - Jan 13, 2025",2025,Jammu and Kashmir,Jammu
121,"Jan 13, 2025 - Jan 13, 2025",2025,Jammu and Kashmir,
122,"Jan 08, 2025 - Jan 09, 2025",2025,Andhra Pradesh,
123,"Jan 08, 2025 - Jan 09, 2025",2025,Odisha,
124,"Jan 05, 2025 - Jan 05, 2025",2025,Uttar Pradesh,
125,"Jan 05, 2025 - Jan 05, 2025",2025,Delhi,
126,"Dec 25, 2024 - Dec 25, 2024",2024,Madhya Pradesh,
127,"Dec 17, 2024 - Dec 17, 2024",2024,Rajasthan,
128,"Dec 13, 2024 - Dec 13, 2024",2024,Uttar Pradesh,
129,"Dec 09, 2024 - Dec 09, 2024",2024,Rajasthan,
130,"Dec 09, 2024 - Dec 09, 2024",2024,Haryana,
131,"Dec 05, 2024 - Dec 05, 2024",2024,Maharashtra,
132,"Dec 03, 2024 - Dec 03, 2024",2024,Punjab,
133,"Nov 29, 2024 - Dec 01, 2024",2024,Odisha,
134,"Nov 15, 2024 - Nov 15, 2024",2024,Bihar,
135,"Nov 14, 2024 - Nov 14, 2024",2024,Maharashtra,
136,"Nov 13, 2024 - Nov 13, 2024",2024,Bihar,
137,"Nov 13, 2024 - Nov 13, 2024",2024,Jharkhand,
138,"Nov 12, 2024 - Nov 12, 2024",2024,Maharashtra,
139,"Nov 10, 2024 - Nov 10, 2024",2024,Jharkhand,
140,"Nov 09, 2024 - Nov 09, 2024",2024,Maharashtra,
141,"Nov 08, 2024 - Nov 08, 2024",2024,Maharashtra,
142,"Nov 04, 2024 - Nov 04, 2024",2024,Jharkhand,
143,"Oct 30, 2024 - Oct 31, 2024",2024,Gujarat,
144,"Oct 28, 2024 - Oct 28, 2024",2024,Gujarat,
145,"Oct 20, 2024 - Oct 20, 2024",2024,Uttar Pradesh,
146,"Oct 17, 2024 - Oct 17, 2024",2024,Haryana,
147,"Oct 05, 2024 - Oct 05, 2024",2024,Maharashtra,
148,"Oct 02, 2024 - Oct 02, 2024",2024,Jharkhand,
149,"Oct 01, 2024 - Oct 01, 2024",2024,Haryana,
150,"Sep 28, 2024 - Sep 28, 2024",2024,Jammu and Kashmir,Jammu
151,"Sep 28, 2024 - Sep 28, 2024",2024,Haryana,
152,"Sep 25, 2024 - Sep 25, 2024",2024,Haryana,
153,"Sep 20, 2024 - Sep 20, 2024",2024,Maharashtra,
154,"Sep 19, 2024 - Sep 19, 2024",2024,Jammu and Kashmir,Jammu
155,"Sep 19, 2024 - Sep 19, 2024",2024,Jammu and Kashmir,
156,"Sep 15, 2024 - Sep 17, 2024",2024,Odisha,
157,"Sep 14, 2024 - Sep 14, 2024",2024,Jammu and Kashmir,Jammu
158,"Sep 14, 2024 - Sep 14, 2024",2024,Jammu and Kashmir,
159,"Sep 14, 2024 - Sep 14, 2024",2024,Haryana,
160,"Sep 11, 2024 - Sep 11, 2024",2024,Uttar Pradesh,
161,"Aug 30, 2024 - Aug 30, 2024",2024,Maharashtra,
162,"Aug 25, 2024 - Aug 25, 2024",2024,Maharashtra,
163,"Aug 25, 2024 - Aug 25, 2024",2024,Rajasthan,
164,"Aug 10, 2024 - Aug 10, 2024",2024,Kerala,
165,"Jul 26, 2024 - Jul 26, 2024",2024,Ladakh,
166,"Jul 13, 2024 - Jul 13, 2024",2024,Maharashtra,
167,"Jun 20, 2024 - Jun 21, 2024",2024,Jammu and Kashmir,Jammu
168,"Jun 20, 2024 - Jun 21, 2024",2024,Jammu and Kashmir,
169,"Jun 18, 2024 - Jun 19, 2024",2024,Uttar Pradesh,
170,"Jun 18, 2024 - Jun 19, 2024",2024,Bihar,
171,"Jun 12, 2024 - Jun 12, 2024",2024,Andhra Pradesh,
172,"Jun 12, 2024 - Jun 12, 2024",2024,Odisha,
173,"May 30, 2024 - Jun 01, 2024",2024,Punjab,
174,"May 30, 2024 - Jun 01, 2024",2024,Tamil Nadu,
175,"May 28, 2024 - May 29, 2024",2024,Odisha,
176,"May 26, 2024 - May 26, 2024",2024,Uttar Pradesh,
177,"May 25, 2024 - May 25, 2024",2024,Bihar,
178,"May 25, 2024 - May 25, 2024",2024,Uttar Pradesh,
179,"May 24, 2024 - May 24, 2024",2024,Himachal Pradesh,
180,"May 24, 2024 - May 24, 2024",2024,Punjab,
181,"May 23, 2024 - May 23, 2024",2024,Haryana,
182,"May 23, 2024 - May 23, 2024",2024,Punjab,
183,"May 19, 2024 - May 22, 2024",2024,Delhi,
184,"May 18, 2024 - May 18, 2024",2024,Haryana,
185,"May 18, 2024 - May 18, 2024",2024,Delhi,
186,"May 17, 2024 - May 17, 2024",2024,Uttar Pradesh,
187,"May 17, 2024 - May 17, 2024",2024,Maharashtra,
188,"May 16, 2024 - May 16, 2024",2024,Uttar Pradesh,
189,"May 15, 2024 - May 15, 2024",2024,Maharashtra,
190,"May 10, 2024 - May 14, 2024",2024,Uttar Pradesh,
191,"May 05, 2024 - May 08, 2024",2024,Telangana,
192,"May 01, 2024 - May 04, 2024",2024,Uttar Pradesh,
193,"Apr 27, 2024 - Apr 30, 2024",2024,Telangana,
194,"Apr 26, 2024 - Apr 26, 2024",2024,Uttar Pradesh,
195,"Apr 25, 2024 - Apr 25, 2024",2024,Madhya Pradesh,
196,"Apr 25, 2024 - Apr 25, 2024",2024,Uttar Pradesh,
197,"Apr 23, 2024 - Apr 24, 2024",2024,Madhya Pradesh,
198,"Apr 22, 2024 - Apr 22, 2024",2024,Uttar Pradesh,
199,"Apr 21, 2024 - Apr 21, 2024",2024,Rajasthan,
200,"Apr 19, 2024 - Apr 20, 2024",2024,Karnataka,
201,"Apr 16, 2024 - Apr 17, 2024",2024,Tripura,
202,"Apr 14, 2024 - Apr 15, 2024",2024,Tamil Nadu,
203,"Apr 12, 2024 - Apr 12, 2024",2024,Jammu and Kashmir,Jammu
204,"Apr 12, 2024 - Apr 12, 2024",2024,Jammu and Kashmir,
205,"Apr 12, 2024 - Apr 12, 2024",2024,Rajasthan,
206,"Apr 11, 2024 - Apr 11, 2024",2024,Uttarakhand,
207,"Apr 11, 2024 - Apr 11, 2024",2024,Rajasthan,
208,"Apr 09, 2024 - Apr 10, 2024",2024,Maharashtra,
209,"Apr 08, 2024 - Apr 08, 2024",2024,Chhattisgarh,
210,"Apr 08, 2024 - Apr 08, 2024",2024,Maharashtra,
211,"Apr 07, 2024 - Apr 07, 2024",2024,Madhya Pradesh,
212,"Apr 06, 2024 - Apr 06, 2024",2024,Uttar Pradesh,
213,"Apr 06, 2024 - Apr 06, 2024",2024,Rajasthan,
214,"Apr 05, 2024 - Apr 05, 2024",2024,Rajasthan,
215,"Apr 04, 2024 - Apr 04, 2024",2024,Bihar,
216,"Apr 04, 2024 - Apr 04, 2024",2024,West Bengal,
217,"Apr 02, 2024 - Apr 02, 2024",2024,Uttarakhand,
218,"Apr 02, 2024 - Apr 02, 2024",2024,Rajasthan,
219,"Apr 01, 2024 - Apr 01, 2024",2024,Maharashtra,
220,"Mar 31, 2024 - Mar 31, 2024",2024,Uttar Pradesh,
221,"Mar 17, 2024 - Mar 19, 2024",2024,Kerala,
222,"Mar 15, 2024 - Mar 16, 2024",2024,Karnataka,
223,"Mar 12, 2024 - Mar 12, 2024",2024,Gujarat,
224,"Mar 12, 2024 - Mar 12, 2024",2024,Rajasthan,
225,"Mar 11, 2024 - Mar 11, 2024",2024,Haryana,
226,"Mar 08, 2024 - Mar 10, 2024",2024,Uttar Pradesh,
227,"Mar 07, 2024 - Mar 07, 2024",2024,Jammu and Kashmir,Jammu
228,"Mar 07, 2024 - Mar 07, 2024",2024,Jammu and Kashmir,
229,"Mar 04, 2024 - Mar 06, 2024",2024,Bihar,
230,"Mar 01, 2024 - Mar 02, 2024",2024,Bihar,
231,"Feb 27, 2024 - Feb 28, 2024",2024,Maharashtra,
232,"Feb 24, 2024 - Feb 25, 2024",2024,Gujarat,
233,"Feb 22, 2024 - Feb 23, 2024",2024,Gujarat,
234,"Feb 22, 2024 - Feb 23, 2024",2024,Uttar Pradesh,
235,"Feb 20, 2024 - Feb 20, 2024",2024,Jammu and Kashmir,Jammu
236,"Feb 19, 2024 - Feb 19, 2024",2024,Uttar Pradesh,
237,"Feb 16, 2024 - Feb 16, 2024",2024,Haryana,
238,"Feb 11, 2024 - Feb 11, 2024",2024,Madhya Pradesh,
239,"Feb 06, 2024 - Feb 06, 2024",2024,Goa,
240,"Feb 03, 2024 - Feb 04, 2024",2024,Odisha,
241,"Feb 03, 2024 - Feb 04, 2024",2024,Assam,
242,"Jan 25, 2024 - Jan 25, 2024",2024,Uttar Pradesh,
243,"Jan 25, 2024 - Jan 25, 2024",2024,Rajasthan,
244,"Jan 22, 2024 - Jan 22, 2024",2024,Uttar Pradesh,
245,"Jan 19, 2024 - Jan 21, 2024",2024,Tamil Nadu,
246,"Jan 16, 2024 - Jan 17, 2024",2024,Andhra Pradesh,
247,"Jan 16, 2024 - Jan 17, 2024",2024,Kerala,
248,"Jan 12, 2024 - Jan 12, 2024",2024,Maharashtra,
249,"Jan 08, 2024 - Jan 10, 2024",2024,Gujarat,
250,"Jan 05, 2024 - Jan 07, 2024",2024,Rajasthan,
251,"Jan 02, 2024 - Jan 03, 2024",2024,Kerala,
252,"Dec 30, 2023 - Dec 30, 2023",2023,Uttar Pradesh,
253,"Dec 17, 2023 - Dec 18, 2023",2023,Gujarat,
254,"Dec 17, 2023 - Dec 18, 2023",2023,Uttar Pradesh,
255,"Dec 15, 2023 - Dec 15, 2023",2023,Rajasthan,
256,"Dec 13, 2023 - Dec 13, 2023",2023,Madhya Pradesh,
257,"Dec 13, 2023 - Dec 13, 2023",2023,Chhattisgarh,
258,"Dec 08, 2023 - Dec 08, 2023",2023,Uttarakhand,
259,"Dec 04, 2023 - Dec 04, 2023",2023,Maharashtra,
260,"Nov 25, 2023 - Nov 27, 2023",2023,Andhra Pradesh,
261,"Nov 23, 2023 - Nov 23, 2023",2023,Rajasthan,
262,"Nov 23, 2023 - Nov 23, 2023",2023,Uttar Pradesh,
263,"Nov 22, 2023 - Nov 22, 2023",2023,Rajasthan,
264,"Nov 21, 2023 - Nov 21, 2023",2023,Rajasthan,
265,"Nov 19, 2023 - Nov 20, 2023",2023,Rajasthan,
266,"Nov 19, 2023 - Nov 20, 2023",2023,Gujarat,
267,"Nov 18, 2023 - Nov 18, 2023",2023,Rajasthan,
268,"Nov 14, 2023 - Nov 15, 2023",2023,Rajasthan,
269,"Nov 13, 2023 - Nov 13, 2023",2023,Chhattisgarh,
270,"Nov 13, 2023 - Nov 13, 2023",2023,Madhya Pradesh,
271,"Nov 12, 2023 - Nov 12, 2023",2023,Himachal Pradesh,
272,"Nov 11, 2023 - Nov 11, 2023",2023,Telangana,
273,"Nov 09, 2023 - Nov 09, 2023",2023,Madhya Pradesh,
274,"Nov 09, 2023 - Nov 09, 2023",2023,Rajasthan,
275,"Nov 08, 2023 - Nov 08, 2023",2023,Madhya Pradesh,
276,"Nov 07, 2023 - Nov 07, 2023",2023,Telangana,
277,"Nov 05, 2023 - Nov 05, 2023",2023,Chhattisgarh,
278,"Nov 05, 2023 - Nov 05, 2023",2023,Madhya Pradesh,
279,"Nov 04, 2023 - Nov 04, 2023",2023,Chhattisgarh,
280,"Nov 04, 2023 - Nov 04, 2023",2023,Madhya Pradesh,
281,"Nov 02, 2023 - Nov 02, 2023",2023,Chhattisgarh,
282,"Oct 30, 2023 - Oct 31, 2023",2023,Gujarat,
283,"Oct 27, 2023 - Oct 27, 2023",2023,Madhya Pradesh,
284,"Oct 26, 2023 - Oct 26, 2023",2023,Maharashtra,
285,"Oct 26, 2023 - Oct 26, 2023",2023,Goa,
286,"Oct 21, 2023 - Oct 21, 2023",2023,Madhya Pradesh,
287,"Oct 20, 2023 - Oct 20, 2023",2023,Uttar Pradesh,
288,"Oct 14, 2023 - Oct 14, 2023",2023,Maharashtra,
289,"Oct 12, 2023 - Oct 12, 2023",2023,Uttarakhand,
290,"Oct 05, 2023 - Oct 05, 2023",2023,Rajasthan,
291,"Oct 05, 2023 - Oct 05, 2023",2023,Madhya Pradesh,
292,"Oct 03, 2023 - Oct 03, 2023",2023,Chhattisgarh,
293,"Oct 03, 2023 - Oct 03, 2023",2023,Telangana,
294,"Oct 02, 2023 - Oct 02, 2023",2023,Rajasthan,
295,"Oct 02, 2023 - Oct 02, 2023",2023,Madhya Pradesh,
296,"Oct 01, 2023 - Oct 01, 2023",2023,Telangana,
297,"Sep 30, 2023 - Sep 30, 2023",2023,Chhattisgarh,
298,"Sep 26, 2023 - Sep 27, 2023",2023,Gujarat,
299,"Sep 25, 2023 - Sep 25, 2023",2023,Madhya Pradesh,
300,"Sep 25, 2023 - Sep 25, 2023",2023,Rajasthan,
301,"Sep 23, 2023 - Sep 23, 2023",2023,Uttar Pradesh,
302,"Sep 14, 2023 - Sep 14, 2023",2023,Madhya Pradesh,
303,"Sep 14, 2023 - Sep 14, 2023",2023,Chhattisgarh,
304,"Aug 26, 2023 - Aug 26, 2023",2023,Karnataka,
305,"Aug 12, 2023 - Aug 12, 2023",2023,Madhya Pradesh,
306,"Aug 01, 2023 - Aug 01, 2023",2023,Maharashtra,
307,"Jul 27, 2023 - Jul 28, 2023",2023,Rajasthan,
308,"Jul 27, 2023 - Jul 28, 2023",2023,Gujarat,
309,"Jul 07, 2023 - Jul 08, 2023",2023,Rajasthan,
310,"Jul 01, 2023 - Jul 01, 2023",2023,Madhya Pradesh,
311,"Jun 27, 2023 - Jun 27, 2023",2023,Madhya Pradesh,
312,"Jun 03, 2023 - Jun 03, 2023",2023,Odisha,
313,"May 31, 2023 - May 31, 2023",2023,Rajasthan,
314,"May 12, 2023 - May 12, 2023",2023,Gujarat,
315,"May 10, 2023 - May 10, 2023",2023,Rajasthan,
316,"May 05, 2023 - May 07, 2023",2023,Karnataka,
317,"May 02, 2023 - May 03, 2023",2023,Karnataka,
318,"Apr 29, 2023 - Apr 30, 2023",2023,Karnataka,
319,"Apr 26, 2023 - Apr 26, 2023",2023,Punjab,
320,"Apr 24, 2023 - Apr 25, 2023",2023,Dadra and Nagar Haveli and Daman and Diu,Nagar Haveli
321,"Apr 24, 2023 - Apr 25, 2023",2023,Dadra and Nagar Haveli and Daman and Diu,Daman
322,"Apr 24, 2023 - Apr 25, 2023",2023,Dadra and Nagar Haveli and Daman and Diu,Diu
323,"Apr 14, 2023 - Apr 14, 2023",2023,Assam,
324,"Apr 08, 2023 - Apr 09, 2023",2023,Karnataka,
325,"Apr 01, 2023 - Apr 01, 2023",2023,Madhya Pradesh,
326,"Mar 25, 2023 - Mar 25, 2023",2023,Karnataka,
327,"Mar 24, 2023 - Mar 24, 2023",2023,Uttar Pradesh,
328,"Mar 12, 2023 - Mar 12, 2023",2023,Karnataka,
329,"Mar 08, 2023 - Mar 09, 2023",2023,Gujarat,
330,"Mar 07, 2023 - Mar 08, 2023",2023,Tripura,
331,"Feb 27, 2023 - Feb 27, 2023",2023,Karnataka,
332,"Feb 24, 2023 - Feb 24, 2023",2023,Nagaland,
333,"Feb 24, 2023 - Feb 24, 2023",2023,Meghalaya,
334,"Feb 12, 2023 - Feb 13, 2023",2023,Tripura,
335,"Feb 11, 2023 - Feb 11, 2023",2023,Tripura,
336,"Feb 10, 2023 - Feb 10, 2023",2023,Uttar Pradesh,
337,"Feb 10, 2023 - Feb 10, 2023",2023,Maharashtra,
338,"Feb 06, 2023 - Feb 06, 2023",2023,Karnataka,
339,"Jan 28, 2023 - Jan 28, 2023",2023,Rajasthan,
340,"Jan 19, 2023 - Jan 19, 2023",2023,Karnataka,
341,"Jan 19, 2023 - Jan 19, 2023",2023,Maharashtra,
342,"Jan 12, 2023 - Jan 12, 2023",2023,Karnataka,
343,"Jan 09, 2023 - Jan 09, 2023",2023,Madhya Pradesh,
344,"Dec 30, 2022 - Dec 30, 2022",2022,Gujarat,
345,"Dec 18, 2022 - Dec 18, 2022",2022,Meghalaya,
346,"Dec 18, 2022 - Dec 18, 2022",2022,Tripura,
347,"Dec 14, 2022 - Dec 14, 2022",2022,Gujarat,
348,"Dec 11, 2022 - Dec 12, 2022",2022,Gujarat,
349,"Dec 04, 2022 - Dec 05, 2022",2022,Gujarat,
350,"Dec 01, 2022 - Dec 02, 2022",2022,Gujarat,
351,"Nov 27, 2022 - Nov 28, 2022",2022,Gujarat,
352,"Nov 23, 2022 - Nov 24, 2022",2022,Gujarat,
353,"Nov 19, 2022 - Nov 21, 2022",2022,Gujarat,
354,"Nov 11, 2022 - Nov 12, 2022",2022,Telangana,
355,"Nov 09, 2022 - Nov 09, 2022",2022,Himachal Pradesh,
356,"Nov 06, 2022 - Nov 06, 2022",2022,Gujarat,
357,"Nov 05, 2022 - Nov 05, 2022",2022,Himachal Pradesh,
358,"Nov 05, 2022 - Nov 05, 2022",2022,Punjab,
359,"Oct 30, 2022 - Nov 01, 2022",2022,Gujarat,
360,"Oct 30, 2022 - Nov 01, 2022",2022,Rajasthan,
361,"Oct 24, 2022 - Oct 24, 2022",2022,Ladakh,Kargil
362,"Oct 23, 2022 - Oct 23, 2022",2022,Uttar Pradesh,
363,"Oct 21, 2022 - Oct 22, 2022",2022,Uttarakhand,
364,"Oct 19, 2022 - Oct 20, 2022",2022,Gujarat,
365,"Oct 13, 2022 - Oct 13, 2022",2022,Himachal Pradesh,
366,"Oct 09, 2022 - Oct 11, 2022",2022,Gujarat,
367,"Oct 09, 2022 - Oct 11, 2022",2022,Madhya Pradesh,
368,"Oct 05, 2022 - Oct 05, 2022",2022,Himachal Pradesh,
369,"Sep 29, 2022 - Sep 30, 2022",2022,Gujarat,
370,"Sep 17, 2022 - Sep 17, 2022",2022,Madhya Pradesh,
371,"Sep 12, 2022 - Sep 12, 2022",2022,Uttar Pradesh,
372,"Sep 01, 2022 - Sep 02, 2022",2022,Kerala,
373,"Sep 01, 2022 - Sep 02, 2022",2022,Karnataka,
374,"Aug 27, 2022 - Aug 28, 2022",2022,Gujarat,
375,"Aug 24, 2022 - Aug 24, 2022",2022,Haryana,
376,"Aug 24, 2022 - Aug 24, 2022",2022,Punjab,
377,"Jul 28, 2022 - Jul 29, 2022",2022,Gujarat,
378,"Jul 28, 2022 - Jul 29, 2022",2022,Tamil Nadu,
379,"Jul 16, 2022 - Jul 16, 2022",2022,Uttar Pradesh,
380,"Jul 12, 2022 - Jul 12, 2022",2022,Jharkhand,
381,"Jul 12, 2022 - Jul 12, 2022",2022,Bihar,
382,"Jul 07, 2022 - Jul 07, 2022",2022,Uttar Pradesh,
383,"Jul 02, 2022 - Jul 04, 2022",2022,Gujarat,
384,"Jun 20, 2022 - Jun 21, 2022",2022,Karnataka,
385,"Jun 16, 2022 - Jun 18, 2022",2022,Himachal Pradesh,
386,"Jun 16, 2022 - Jun 18, 2022",2022,Gujarat,
387,"Jun 14, 2022 - Jun 14, 2022",2022,Maharashtra,
388,"Jun 10, 2022 - Jun 10, 2022",2022,Gujarat,
389,"Jun 03, 2022 - Jun 03, 2022",2022,Uttar Pradesh,
390,"May 31, 2022 - May 31, 2022",2022,Himachal Pradesh,
391,"May 28, 2022 - May 28, 2022",2022,Gujarat,
392,"May 26, 2022 - May 26, 2022",2022,Telangana,
393,"May 26, 2022 - May 26, 2022",2022,Tamil Nadu,
394,"May 16, 2022 - May 16, 2022",2022,Uttar Pradesh,
395,"Apr 28, 2022 - Apr 28, 2022",2022,Nagaland,
396,"Apr 28, 2022 - Apr 28, 2022",2022,Assam,
397,"Apr 24, 2022 - Apr 24, 2022",2022,Jammu and Kashmir,Jammu
398,"Apr 24, 2022 - Apr 24, 2022",2022,Jammu and Kashmir,
399,"Apr 24, 2022 - Apr 24, 2022",2022,Maharashtra,
400,"Apr 18, 2022 - Apr 20, 2022",2022,Gujarat,
401,"Mar 28, 2022 - Mar 28, 2022",2022,Goa,
402,"Mar 25, 2022 - Mar 25, 2022",2022,Uttar Pradesh,
403,"Mar 23, 2022 - Mar 23, 2022",2022,Uttarakhand,
404,"Mar 11, 2022 - Mar 12, 2022",2022,Gujarat,
405,"Mar 06, 2022 - Mar 06, 2022",2022,Maharashtra,
406,"Mar 04, 2022 - Mar 05, 2022",2022,Uttar Pradesh,
407,"Mar 03, 2022 - Mar 03, 2022",2022,Uttar Pradesh,
408,"Mar 02, 2022 - Mar 02, 2022",2022,Uttar Pradesh,
409,"Feb 28, 2022 - Feb 28, 2022",2022,Uttar Pradesh,
410,"Feb 27, 2022 - Feb 27, 2022",2022,Uttar Pradesh,
411,"Feb 24, 2022 - Feb 24, 2022",2022,Uttar Pradesh,
412,"Feb 23, 2022 - Feb 23, 2022",2022,Uttar Pradesh,
413,"Feb 22, 2022 - Feb 22, 2022",2022,Manipur,
414,"Feb 22, 2022 - Feb 22, 2022",2022,Uttar Pradesh,
415,"Feb 20, 2022 - Feb 20, 2022",2022,Uttar Pradesh,
416,"Feb 17, 2022 - Feb 17, 2022",2022,Punjab,
417,"Feb 17, 2022 - Feb 17, 2022",2022,Uttar Pradesh,
418,"Feb 16, 2022 - Feb 16, 2022",2022,Punjab,
419,"Feb 16, 2022 - Feb 16, 2022",2022,Uttar Pradesh,
420,"Feb 14, 2022 - Feb 14, 2022",2022,Uttar Pradesh,
421,"Feb 14, 2022 - Feb 14, 2022",2022,Punjab,
422,"Feb 12, 2022 - Feb 12, 2022",2022,Uttarakhand,
423,"Feb 12, 2022 - Feb 12, 2022",2022,Uttar Pradesh,
424,"Feb 11, 2022 - Feb 11, 2022",2022,Uttarakhand,
425,"Feb 11, 2022 - Feb 11, 2022",2022,Uttar Pradesh,
426,"Feb 10, 2022 - Feb 10, 2022",2022,Goa,
427,"Feb 06, 2022 - Feb 06, 2022",2022,Maharashtra,
428,"Feb 05, 2022 - Feb 05, 2022",2022,Telangana,
429,"Jan 04, 2022 - Jan 04, 2022",2022,Manipur,
430,"Jan 04, 2022 - Jan 04, 2022",2022,Tripura,
431,"Jan 02, 2022 - Jan 02, 2022",2022,Uttar Pradesh,
432,"Dec 30, 2021 - Dec 30, 2021",2021,Uttarakhand,
433,"Dec 28, 2021 - Dec 28, 2021",2021,Uttar Pradesh,
434,"Dec 27, 2021 - Dec 27, 2021",2021,Himachal Pradesh,
435,"Dec 23, 2021 - Dec 23, 2021",2021,Uttar Pradesh,
436,"Dec 21, 2021 - Dec 21, 2021",2021,Uttar Pradesh,
437,"Dec 19, 2021 - Dec 19, 2021",2021,Goa,
438,"Dec 18, 2021 - Dec 18, 2021",2021,Uttar Pradesh,
439,"Dec 13, 2021 - Dec 14, 2021",2021,Uttar Pradesh,
440,"Dec 11, 2021 - Dec 11, 2021",2021,Uttar Pradesh,
441,"Dec 07, 2021 - Dec 07, 2021",2021,Uttar Pradesh,
442,"Dec 04, 2021 - Dec 04, 2021",2021,Uttarakhand,
443,"Nov 25, 2021 - Nov 25, 2021",2021,Uttar Pradesh,
444,"Nov 19, 2021 - Nov 21, 2021",2021,Uttar Pradesh,
445,"Nov 16, 2021 - Nov 16, 2021",2021,Uttar Pradesh,
446,"Nov 15, 2021 - Nov 15, 2021",2021,Madhya Pradesh,
447,"Nov 05, 2021 - Nov 05, 2021",2021,Uttarakhand,
448,"Oct 25, 2021 - Oct 25, 2021",2021,Uttar Pradesh,
449,"Oct 20, 2021 - Oct 20, 2021",2021,Uttar Pradesh,
450,"Oct 07, 2021 - Oct 07, 2021",2021,Uttarakhand,
451,"Oct 05, 2021 - Oct 05, 2021",2021,Uttar Pradesh,
452,"Sep 14, 2021 - Sep 14, 2021",2021,Uttar Pradesh,
453,"Aug 22, 2021 - Aug 22, 2021",2021,Uttar Pradesh,
454,"Jul 15, 2021 - Jul 15, 2021",2021,Uttar Pradesh,
455,"May 28, 2021 - May 28, 2021",2021,Odisha,
456,"May 28, 2021 - May 28, 2021",2021,West Bengal,
457,"May 19, 2021 - May 19, 2021",2021,Gujarat,
458,"Apr 17, 2021 - Apr 17, 2021",2021,West Bengal,
459,"Apr 12, 2021 - Apr 12, 2021",2021,West Bengal,
460,"Apr 10, 2021 - Apr 10, 2021",2021,West Bengal,
461,"Apr 06, 2021 - Apr 06, 2021",2021,West Bengal,
462,"Apr 03, 2021 - Apr 03, 2021",2021,West Bengal,
463,"Apr 03, 2021 - Apr 03, 2021",2021,Assam,
464,"Apr 01, 2021 - Apr 02, 2021",2021,Kerala,
465,"Mar 30, 2021 - Mar 30, 2021",2021,Puducherry,
466,"Mar 24, 2021 - Mar 24, 2021",2021,West Bengal,
467,"Mar 24, 2021 - Mar 24, 2021",2021,Assam,
468,"Mar 21, 2021 - Mar 21, 2021",2021,West Bengal,
469,"Mar 21, 2021 - Mar 21, 2021",2021,Assam,
470,"Mar 20, 2021 - Mar 20, 2021",2021,West Bengal,
471,"Mar 20, 2021 - Mar 20, 2021",2021,Assam,
472,"Mar 18, 2021 - Mar 18, 2021",2021,West Bengal,
473,"Mar 18, 2021 - Mar 18, 2021",2021,Assam,
474,"Mar 12, 2021 - Mar 12, 2021",2021,Gujarat,
475,"Mar 07, 2021 - Mar 08, 2021",2021,West Bengal,
476,"Mar 06, 2021 - Mar 06, 2021",2021,Gujarat,
477,"Feb 25, 2021 - Feb 25, 2021",2021,Puducherry,
478,"Feb 25, 2021 - Feb 25, 2021",2021,Tamil Nadu,
479,"Feb 22, 2021 - Feb 22, 2021",2021,Assam,
480,"Feb 22, 2021 - Feb 22, 2021",2021,West Bengal,
481,"Feb 14, 2021 - Feb 14, 2021",2021,Tamil Nadu,
482,"Feb 14, 2021 - Feb 14, 2021",2021,Kerala,
483,"Feb 07, 2021 - Feb 07, 2021",2021,Assam,
484,"Feb 07, 2021 - Feb 07, 2021",2021,West Bengal,
485,"Jan 23, 2021 - Jan 23, 2021",2021,Assam,
486,"Jan 23, 2021 - Jan 23, 2021",2021,West Bengal,
487,"Dec 15, 2020 - Dec 15, 2020",2020,Gujarat,
488,"Nov 30, 2020 - Nov 30, 2020",2020,Uttar Pradesh,
489,"Nov 28, 2020 - Nov 28, 2020",2020,Maharashtra,
490,"Nov 14, 2020 - Nov 14, 2020",2020,Rajasthan,
491,"Nov 03, 2020 - Nov 03, 2020",2020,Bihar,
492,"Nov 01, 2020 - Nov 01, 2020",2020,Bihar,
493,"Oct 30, 2020 - Oct 31, 2020",2020,Gujarat,
494,"Oct 28, 2020 - Oct 28, 2020",2020,Bihar,
495,"Oct 23, 2020 - Oct 23, 2020",2020,Bihar,
496,"Oct 03, 2020 - Oct 03, 2020",2020,Himachal Pradesh,
497,"Aug 05, 2020 - Aug 05, 2020",2020,Uttar Pradesh,Ayodhya
498,"Jul 03, 2020 - Jul 03, 2020",2020,Ladakh,
499,"May 22, 2020 - May 22, 2020",2020,West Bengal,
500,"May 22, 2020 - May 22, 2020",2020,Odisha,
501,"Feb 29, 2020 - Feb 29, 2020",2020,Uttar Pradesh,
502,"Feb 24, 2020 - Feb 24, 2020",2020,Gujarat,
503,"Feb 16, 2020 - Feb 16, 2020",2020,Uttar Pradesh,
504,"Feb 07, 2020 - Feb 07, 2020",2020,Assam,
505,"Feb 05, 2020 - Feb 05, 2020",2020,Uttar Pradesh,
506,"Jan 11, 2020 - Jan 12, 2020",2020,West Bengal,
507,"Jan 02, 2020 - Jan 03, 2020",2020,Karnataka,
508,"Dec 25, 2019 - Dec 25, 2019",2019,Uttar Pradesh,
509,"Dec 17, 2019 - Dec 17, 2019",2019,Jharkhand,
510,"Dec 15, 2019 - Dec 15, 2019",2019,Jharkhand,
511,"Dec 14, 2019 - Dec 14, 2019",2019,Uttar Pradesh,
512,"Dec 12, 2019 - Dec 12, 2019",2019,Jharkhand,
513,"Dec 09, 2019 - Dec 09, 2019",2019,Jharkhand,
514,"Dec 06, 2019 - Dec 08, 2019",2019,Maharashtra,
515,"Dec 03, 2019 - Dec 03, 2019",2019,Jharkhand,
516,"Nov 25, 2019 - Nov 25, 2019",2019,Jharkhand,
517,"Nov 09, 2019 - Nov 09, 2019",2019,Punjab,
518,"Nov 07, 2019 - Nov 07, 2019",2019,Himachal Pradesh,
519,"Oct 30, 2019 - Oct 31, 2019",2019,Gujarat,
520,"Oct 27, 2019 - Oct 27, 2019",2019,Jammu and Kashmir,Jammu
521,"Oct 27, 2019 - Oct 27, 2019",2019,Jammu and Kashmir,
522,"Oct 19, 2019 - Oct 19, 2019",2019,Haryana,
523,"Oct 18, 2019 - Oct 18, 2019",2019,Haryana,
524,"Oct 18, 2019 - Oct 18, 2019",2019,Maharashtra,
525,"Oct 17, 2019 - Oct 17, 2019",2019,Maharashtra,
526,"Oct 16, 2019 - Oct 16, 2019",2019,Maharashtra,
527,"Oct 15, 2019 - Oct 15, 2019",2019,Haryana,
528,"Oct 14, 2019 - Oct 14, 2019",2019,Haryana,
529,"Oct 13, 2019 - Oct 13, 2019",2019,Maharashtra,
530,"Oct 11, 2019 - Oct 12, 2019",2019,Tamil Nadu,
531,"Oct 02, 2019 - Oct 02, 2019",2019,Gujarat,
532,"Sep 30, 2019 - Sep 30, 2019",2019,Tamil Nadu,
533,"Sep 19, 2019 - Sep 19, 2019",2019,Maharashtra,
534,"Sep 17, 2019 - Sep 17, 2019",2019,Gujarat,
535,"Sep 12, 2019 - Sep 12, 2019",2019,Jharkhand,
536,"Sep 11, 2019 - Sep 11, 2019",2019,Uttar Pradesh,
537,"Sep 09, 2019 - Sep 09, 2019",2019,Uttar Pradesh,
538,"Sep 08, 2019 - Sep 08, 2019",2019,Haryana,
539,"Sep 06, 2019 - Sep 07, 2019",2019,Karnataka,
540,"Sep 06, 2019 - Sep 07, 2019",2019,Maharashtra,
541,"Jul 06, 2019 - Jul 06, 2019",2019,Uttar Pradesh,Varanasi
542,"Jun 21, 2019 - Jun 21, 2019",2019,Jharkhand,
543,"Jun 08, 2019 - Jun 09, 2019",2019,Kerala,
544,"Jun 08, 2019 - Jun 09, 2019",2019,Andhra Pradesh,
545,"May 26, 2019 - May 27, 2019",2019,Gujarat,
546,"May 26, 2019 - May 27, 2019",2019,Uttar Pradesh,
547,"May 18, 2019 - May 19, 2019",2019,Uttarakhand,
548,"May 17, 2019 - May 17, 2019",2019,Madhya Pradesh,
549,"May 16, 2019 - May 16, 2019",2019,Uttar Pradesh,
550,"May 16, 2019 - May 16, 2019",2019,West Bengal,
551,"May 15, 2019 - May 15, 2019",2019,West Bengal,
552,"May 14, 2019 - May 14, 2019",2019,Chandigarh,
553,"May 13, 2019 - May 13, 2019",2019,Punjab,
554,"May 12, 2019 - May 12, 2019",2019,Uttar Pradesh,
555,"May 12, 2019 - May 12, 2019",2019,Madhya Pradesh,
556,"May 11, 2019 - May 11, 2019",2019,Uttar Pradesh,
557,"May 10, 2019 - May 10, 2019",2019,Punjab,
558,"May 09, 2019 - May 09, 2019",2019,West Bengal,
559,"May 09, 2019 - May 09, 2019",2019,Uttar Pradesh,
560,"May 08, 2019 - May 08, 2019",2019,Haryana,
561,"May 06, 2019 - May 06, 2019",2019,Jharkhand,
562,"May 05, 2019 - May 05, 2019",2019,Uttar Pradesh,
563,"May 05, 2019 - May 05, 2019",2019,Madhya Pradesh,
564,"May 04, 2019 - May 04, 2019",2019,Uttar Pradesh,
565,"May 04, 2019 - May 04, 2019",2019,Bihar,
566,"May 03, 2019 - May 03, 2019",2019,Rajasthan,
567,"May 01, 2019 - May 01, 2019",2019,Rajasthan,
568,"Apr 30, 2019 - Apr 30, 2019",2019,Bihar,
569,"Apr 30, 2019 - Apr 30, 2019",2019,Uttar Pradesh,
570,"Apr 29, 2019 - Apr 29, 2019",2019,Jharkhand,
571,"Apr 29, 2019 - Apr 29, 2019",2019,West Bengal,
572,"Apr 27, 2019 - Apr 27, 2019",2019,Uttar Pradesh,
573,"Apr 25, 2019 - Apr 26, 2019",2019,Maharashtra,
574,"Apr 24, 2019 - Apr 24, 2019",2019,Jharkhand,
575,"Apr 24, 2019 - Apr 24, 2019",2019,West Bengal,
576,"Apr 23, 2019 - Apr 23, 2019",2019,West Bengal,
577,"Apr 22, 2019 - Apr 22, 2019",2019,Maharashtra,
578,"Apr 22, 2019 - Apr 22, 2019",2019,Rajasthan,
579,"Apr 21, 2019 - Apr 21, 2019",2019,Gujarat,
580,"Apr 21, 2019 - Apr 21, 2019",2019,Rajasthan,
581,"Apr 20, 2019 - Apr 20, 2019",2019,Uttar Pradesh,
582,"Apr 18, 2019 - Apr 18, 2019",2019,Kerala,
583,"Apr 17, 2019 - Apr 17, 2019",2019,Maharashtra,
584,"Apr 17, 2019 - Apr 17, 2019",2019,Gujarat,
585,"Apr 16, 2019 - Apr 16, 2019",2019,Odisha,
586,"Apr 16, 2019 - Apr 16, 2019",2019,Chhattisgarh,
587,"Apr 14, 2019 - Apr 14, 2019",2019,Jammu and Kashmir,Jammu
588,"Apr 14, 2019 - Apr 14, 2019",2019,Jammu and Kashmir,
589,"Apr 14, 2019 - Apr 14, 2019",2019,Uttar Pradesh,
590,"Apr 13, 2019 - Apr 13, 2019",2019,Tamil Nadu,
591,"Apr 13, 2019 - Apr 13, 2019",2019,Karnataka,
592,"Apr 12, 2019 - Apr 12, 2019",2019,Kerala,
593,"Apr 11, 2019 - Apr 11, 2019",2019,Bihar,
594,"Apr 11, 2019 - Apr 11, 2019",2019,Assam,
595,"Apr 10, 2019 - Apr 10, 2019",2019,Gujarat,
596,"Apr 10, 2019 - Apr 10, 2019",2019,Goa,
597,"Apr 09, 2019 - Apr 09, 2019",2019,Tamil Nadu,
598,"Apr 07, 2019 - Apr 07, 2019",2019,Manipur,
599,"Apr 06, 2019 - Apr 06, 2019",2019,Maharashtra,
600,"Apr 05, 2019 - Apr 05, 2019",2019,Uttar Pradesh,Amroha
601,"Apr 05, 2019 - Apr 05, 2019",2019,Uttarakhand,Dehradun
602,"Apr 03, 2019 - Apr 03, 2019",2019,Maharashtra,
603,"Apr 02, 2019 - Apr 02, 2019",2019,Odisha,
604,"Apr 02, 2019 - Apr 02, 2019",2019,Bihar,
605,"Apr 01, 2019 - Apr 01, 2019",2019,Telangana,
606,"Mar 30, 2019 - Mar 30, 2019",2019,Arunachal Pradesh,Aalo
607,"Mar 30, 2019 - Mar 30, 2019",2019,Assam,
608,"Mar 29, 2019 - Mar 29, 2019",2019,Odisha,Koraput
609,"Mar 29, 2019 - Mar 29, 2019",2019,Andhra Pradesh,Kurnool
610,"Mar 28, 2019 - Mar 28, 2019",2019,Uttar Pradesh,Meerut
611,"Mar 28, 2019 - Mar 28, 2019",2019,Jammu and Kashmir,Akhnoor
612,"Mar 18, 2019 - Mar 18, 2019",2019,Goa,
613,"Mar 10, 2019 - Mar 10, 2019",2019,Uttar Pradesh,Ghaziabad
614,"Mar 09, 2019 - Mar 09, 2019",2019,Uttar Pradesh,Greater Noida
615,"Mar 08, 2019 - Mar 08, 2019",2019,Uttar Pradesh,
616,"Mar 06, 2019 - Mar 06, 2019",2019,Karnataka,
617,"Mar 06, 2019 - Mar 06, 2019",2019,Tamil Nadu,
618,"Mar 04, 2019 - Mar 05, 2019",2019,Gujarat,
619,"Mar 04, 2019 - Mar 05, 2019",2019,Madhya Pradesh,
620,"Mar 03, 2019 - Mar 03, 2019",2019,Bihar,
621,"Mar 03, 2019 - Mar 03, 2019",2019,Uttar Pradesh,Amethi
622,"Mar 01, 2019 - Mar 01, 2019",2019,Tamil Nadu,
623,"Mar 01, 2019 - Mar 01, 2019",2019,Andhra Pradesh,
624,"Feb 26, 2019 - Feb 26, 2019",2019,Rajasthan,Churu
625,"Feb 24, 2019 - Feb 24, 2019",2019,Uttar Pradesh,
626,"Feb 23, 2019 - Feb 23, 2019",2019,Rajasthan,Tonk
627,"Feb 19, 2019 - Feb 19, 2019",2019,Uttar Pradesh,Varanasi
628,"Feb 17, 2019 - Feb 17, 2019",2019,Bihar,
629,"Feb 17, 2019 - Feb 17, 2019",2019,Jharkhand,
630,"Feb 16, 2019 - Feb 16, 2019",2019,Maharashtra,
631,"Feb 15, 2019 - Feb 15, 2019",2019,Uttar Pradesh,
632,"Feb 14, 2019 - Feb 14, 2019",2019,Uttarakhand,
633,"Feb 12, 2019 - Feb 12, 2019",2019,Haryana,Kurukshetra
634,"Feb 11, 2019 - Feb 11, 2019",2019,Uttar Pradesh,
635,"Feb 10, 2019 - Feb 10, 2019",2019,Karnataka,
636,"Feb 08, 2019 - Feb 09, 2019",2019,Tripura,
637,"Feb 08, 2019 - Feb 08, 2019",2019,West Bengal,
638,"Feb 08, 2019 - Feb 08, 2019",2019,Chhattisgarh,Raigarh
639,"Feb 03, 2019 - Feb 03, 2019",2019,Jammu and Kashmir,Jammu
640,"Feb 03, 2019 - Feb 03, 2019",2019,Jammu and Kashmir,
641,"Feb 02, 2019 - Feb 02, 2019",2019,West Bengal,
642,"Jan 30, 2019 - Jan 30, 2019",2019,Gujarat,
643,"Jan 27, 2019 - Jan 27, 2019",2019,Tamil Nadu,
644,"Jan 27, 2019 - Jan 27, 2019",2019,Kerala,
645,"Jan 22, 2019 - Jan 22, 2019",2019,Uttar Pradesh,
646,"Jan 17, 2019 - Jan 19, 2019",2019,Dadra and Nagar Haveli and Daman and Diu,Nagar Haveli
647,"Jan 17, 2019 - Jan 19, 2019",2019,Maharashtra,
648,"Jan 15, 2019 - Jan 15, 2019",2019,Odisha,
649,"Jan 15, 2019 - Jan 15, 2019",2019,Kerala,
650,"Jan 09, 2019 - Jan 09, 2019",2019,Maharashtra,Solapur
651,"Jan 09, 2019 - Jan 09, 2019",2019,Uttar Pradesh,Agra
652,"Jan 05, 2019 - Jan 05, 2019",2019,Jharkhand,
653,"Jan 05, 2019 - Jan 05, 2019",2019,Odisha,
654,"Jan 04, 2019 - Jan 04, 2019",2019,Manipur,
655,"Jan 04, 2019 - Jan 04, 2019",2019,Assam,
656,"Jan 03, 2019 - Jan 03, 2019",2019,Punjab,
657,"Dec 29, 2018 - Dec 30, 2018",2018,Uttar Pradesh,
658,"Dec 29, 2018 - Dec 30, 2018",2018,Andaman and Nicobar Islands,Andaman
659,"Dec 29, 2018 - Dec 30, 2018",2018,Andaman and Nicobar Islands,Nicobar
660,"Dec 27, 2018 - Dec 27, 2018",2018,Himachal Pradesh,Dharamshala
661,"Dec 25, 2018 - Dec 25, 2018",2018,Assam,
662,"Dec 24, 2018 - Dec 24, 2018",2018,Odisha,Bhubaneshwar
663,"Dec 24, 2018 - Dec 24, 2018",2018,Odisha,Khurda
664,"Dec 21, 2018 - Dec 21, 2018",2018,Gujarat,
665,"Dec 18, 2018 - Dec 18, 2018",2018,Maharashtra,
666,"Dec 16, 2018 - Dec 16, 2018",2018,Uttar Pradesh,
667,"Dec 05, 2018 - Dec 05, 2018",2018,Rajasthan,
668,"Dec 04, 2018 - Dec 04, 2018",2018,Rajasthan,
669,"Dec 03, 2018 - Dec 03, 2018",2018,Rajasthan,
670,"Dec 03, 2018 - Dec 03, 2018",2018,Telangana,
671,"Nov 28, 2018 - Nov 28, 2018",2018,Rajasthan,
672,"Nov 27, 2018 - Nov 27, 2018",2018,Telangana,
673,"Nov 26, 2018 - Nov 26, 2018",2018,Rajasthan,
674,"Nov 25, 2018 - Nov 25, 2018",2018,Rajasthan,
675,"Nov 25, 2018 - Nov 25, 2018",2018,Madhya Pradesh,
676,"Nov 24, 2018 - Nov 24, 2018",2018,Madhya Pradesh,
677,"Nov 23, 2018 - Nov 23, 2018",2018,Mizoram,
678,"Nov 20, 2018 - Nov 20, 2018",2018,Madhya Pradesh,
679,"Nov 19, 2018 - Nov 19, 2018",2018,Haryana,Gurugram
680,"Nov 18, 2018 - Nov 18, 2018",2018,Chhattisgarh,
681,"Nov 18, 2018 - Nov 18, 2018",2018,Madhya Pradesh,
682,"Nov 16, 2018 - Nov 16, 2018",2018,Chhattisgarh,
683,"Nov 16, 2018 - Nov 16, 2018",2018,Madhya Pradesh,
684,"Nov 12, 2018 - Nov 12, 2018",2018,Karnataka,Bengaluru
685,"Nov 09, 2018 - Nov 09, 2018",2018,Chhattisgarh,
686,"Nov 07, 2018 - Nov 07, 2018",2018,Uttarakhand,
687,"Oct 30, 2018 - Oct 31, 2018",2018,Gujarat,
688,"Oct 19, 2018 - Oct 19, 2018",2018,Maharashtra,Shirdi
689,"Oct 09, 2018 - Oct 09, 2018",2018,Haryana,Rohtak
690,"Oct 07, 2018 - Oct 07, 2018",2018,Uttarakhand,Dehradun
691,"Oct 06, 2018 - Oct 06, 2018",2018,Rajasthan,Ajmer
692,"Sep 30, 2018 - Sep 30, 2018",2018,Gujarat,
693,"Sep 28, 2018 - Sep 28, 2018",2018,Rajasthan,Jodhpur
694,"Sep 25, 2018 - Sep 25, 2018",2018,Madhya Pradesh,Bhopal
695,"Sep 22, 2018 - Sep 24, 2018",2018,Sikkim,
696,"Sep 17, 2018 - Sep 18, 2018",2018,Uttar Pradesh,Varanasi
697,"Sep 14, 2018 - Sep 14, 2018",2018,Madhya Pradesh,Indore
698,"Aug 23, 2018 - Aug 23, 2018",2018,Gujarat,
699,"Aug 17, 2018 - Aug 18, 2018",2018,Kerala,
700,"Aug 11, 2018 - Aug 11, 2018",2018,Maharashtra,Mumbai
701,"Aug 08, 2018 - Aug 08, 2018",2018,Tamil Nadu,Chennai
702,"Jul 29, 2018 - Jul 29, 2018",2018,Uttar Pradesh,Lucknow
703,"Jul 28, 2018 - Jul 28, 2018",2018,Uttar Pradesh,Lucknow
704,"Jul 21, 2018 - Jul 21, 2018",2018,Uttar Pradesh,Shahjahanpur
705,"Jul 16, 2018 - Jul 16, 2018",2018,West Bengal,
706,"Jul 14, 2018 - Jul 15, 2018",2018,Uttar Pradesh,
707,"Jul 11, 2018 - Jul 11, 2018",2018,Punjab,
708,"Jul 09, 2018 - Jul 09, 2018",2018,Uttar Pradesh,Noida
709,"Jul 07, 2018 - Jul 07, 2018",2018,Rajasthan,Jaipur
710,"Jun 28, 2018 - Jun 28, 2018",2018,Uttar Pradesh,Sant Kabir Nagar
711,"Jun 26, 2018 - Jun 26, 2018",2018,Maharashtra,Mumbai
712,"Jun 23, 2018 - Jun 23, 2018",2018,Madhya Pradesh,
713,"Jun 20, 2018 - Jun 21, 2018",2018,Uttarakhand,Dehradun
714,"Jun 14, 2018 - Jun 14, 2018",2018,Chhattisgarh,
715,"May 27, 2018 - May 27, 2018",2018,Uttar Pradesh,Baghpat
716,"May 25, 2018 - May 26, 2018",2018,West Bengal,
717,"May 25, 2018 - May 26, 2018",2018,Jharkhand,
718,"May 25, 2018 - May 26, 2018",2018,Odisha,
719,"May 19, 2018 - May 19, 2018",2018,Jammu and Kashmir,Jammu
720,"May 19, 2018 - May 19, 2018",2018,Jammu and Kashmir,
721,"May 08, 2018 - May 09, 2018",2018,Karnataka,
722,"May 05, 2018 - May 06, 2018",2018,Karnataka,
723,"May 03, 2018 - May 03, 2018",2018,Karnataka,
724,"May 01, 2018 - May 01, 2018",2018,Karnataka,
725,"Apr 24, 2018 - Apr 24, 2018",2018,Madhya Pradesh,
726,"Apr 14, 2018 - Apr 14, 2018",2018,Chhattisgarh,
727,"Apr 12, 2018 - Apr 12, 2018",2018,Tamil Nadu,
728,"Apr 10, 2018 - Apr 10, 2018",2018,Bihar,
729,"Mar 16, 2018 - Mar 16, 2018",2018,Manipur,
730,"Mar 12, 2018 - Mar 12, 2018",2018,Uttar Pradesh,Varanasi
731,"Mar 09, 2018 - Mar 09, 2018",2018,Tripura,
732,"Mar 08, 2018 - Mar 08, 2018",2018,Rajasthan,Jhunjhunu
733,"Feb 27, 2018 - Feb 27, 2018",2018,Karnataka,
734,"Feb 24, 2018 - Feb 25, 2018",2018,Dadra and Nagar Haveli and Daman and Diu,Daman
735,"Feb 24, 2018 - Feb 25, 2018",2018,Gujarat,
736,"Feb 22, 2018 - Feb 22, 2018",2018,Nagaland,
737,"Feb 22, 2018 - Feb 22, 2018",2018,Meghalaya,
738,"Feb 21, 2018 - Feb 21, 2018",2018,Uttar Pradesh,
739,"Feb 18, 2018 - Feb 19, 2018",2018,Maharashtra,Mumbai
740,"Feb 18, 2018 - Feb 19, 2018",2018,Karnataka,Mysuru
741,"Feb 15, 2018 - Feb 15, 2018",2018,Arunachal Pradesh,
742,"Feb 15, 2018 - Feb 15, 2018",2018,Tripura,
743,"Feb 08, 2018 - Feb 08, 2018",2018,Tripura,
744,"Feb 04, 2018 - Feb 04, 2018",2018,Karnataka,Bengaluru
745,"Feb 03, 2018 - Feb 03, 2018",2018,Assam,
746,"Jan 17, 2018 - Jan 17, 2018",2018,Gujarat,
747,"Jan 16, 2018 - Jan 16, 2018",2018,Rajasthan,Barmer
748,"Jan 07, 2018 - Jan 08, 2018",2018,Madhya Pradesh,Tekanpur
749,"Dec 27, 2017 - Dec 27, 2017",2017,Himachal Pradesh,Shimla
750,"Dec 26, 2017 - Dec 26, 2017",2017,Gujarat,Gandhinagar
751,"Dec 25, 2017 - Dec 25, 2017",2017,Uttar Pradesh,Noida
752,"Dec 19, 2017 - Dec 19, 2017",2017,Kerala,
753,"Dec 16, 2017 - Dec 16, 2017",2017,Mizoram,
754,"Dec 16, 2017 - Dec 16, 2017",2017,Meghalaya,
755,"Dec 14, 2017 - Dec 14, 2017",2017,Gujarat,
756,"Dec 14, 2017 - Dec 14, 2017",2017,Maharashtra,Mumbai
757,"Dec 14, 2017 - Dec 14, 2017",2017,Gujarat,Ahmedabad
758,"Dec 10, 2017 - Dec 12, 2017",2017,Gujarat,
759,"Dec 08, 2017 - Dec 10, 2017",2017,Gujarat,
760,"Dec 07, 2017 - Dec 07, 2017",2017,Gujarat,
761,"Dec 06, 2017 - Dec 06, 2017",2017,Gujarat,
762,"Dec 03, 2017 - Dec 04, 2017",2017,Gujarat,
763,"Nov 29, 2017 - Nov 29, 2017",2017,Gujarat,
764,"Nov 28, 2017 - Nov 28, 2017",2017,Telangana,Hyderabad
765,"Nov 27, 2017 - Nov 27, 2017",2017,Gujarat,
766,"Nov 06, 2017 - Nov 06, 2017",2017,Tamil Nadu,Chennai
767,"Nov 05, 2017 - Nov 05, 2017",2017,Himachal Pradesh,
768,"Nov 04, 2017 - Nov 04, 2017",2017,Himachal Pradesh,
769,"Nov 02, 2017 - Nov 02, 2017",2017,Gujarat,
770,"Nov 02, 2017 - Nov 02, 2017",2017,Himachal Pradesh,
771,"Oct 29, 2017 - Oct 29, 2017",2017,Karnataka,
772,"Oct 26, 2017 - Oct 27, 2017",2017,Uttarakhand,Mussoorie
773,"Oct 22, 2017 - Oct 22, 2017",2017,Gujarat,
774,"Oct 20, 2017 - Oct 20, 2017",2017,Uttarakhand,Kedarnath
775,"Oct 19, 2017 - Oct 19, 2017",2017,Jammu and Kashmir,Gurez Valley
776,"Oct 16, 2017 - Oct 16, 2017",2017,Gujarat,
777,"Oct 14, 2017 - Oct 14, 2017",2017,Bihar,
778,"Oct 07, 2017 - Oct 08, 2017",2017,Gujarat,
779,"Oct 03, 2017 - Oct 03, 2017",2017,Himachal Pradesh,
780,"Sep 22, 2017 - Sep 23, 2017",2017,Uttar Pradesh,Varanasi
781,"Sep 16, 2017 - Sep 17, 2017",2017,Gujarat,
782,"Sep 13, 2017 - Sep 14, 2017",2017,Gujarat,Ahmedabad
783,"Aug 29, 2017 - Aug 29, 2017",2017,Rajasthan,
784,"Aug 26, 2017 - Aug 26, 2017",2017,Bihar,
785,"Aug 01, 2017 - Aug 01, 2017",2017,Assam,
786,"Jul 27, 2017 - Jul 27, 2017",2017,Tamil Nadu,Rameswaram
787,"Jul 25, 2017 - Jul 25, 2017",2017,Gujarat,
788,"Jun 29, 2017 - Jun 30, 2017",2017,Gujarat,
789,"Jun 20, 2017 - Jun 21, 2017",2017,Uttar Pradesh,Lucknow
790,"Jun 17, 2017 - Jun 17, 2017",2017,Kerala,Kochi
791,"May 26, 2017 - May 26, 2017",2017,Assam,
792,"May 22, 2017 - May 23, 2017",2017,Gujarat,
793,"May 15, 2017 - May 15, 2017",2017,Madhya Pradesh,Amarkantak
794,"May 03, 2017 - May 03, 2017",2017,Uttarakhand,Kedarnath
795,"May 03, 2017 - May 03, 2017",2017,Uttarakhand,Haridwar
796,"Apr 27, 2017 - Apr 27, 2017",2017,Himachal Pradesh,Shimla
797,"Apr 16, 2017 - Apr 17, 2017",2017,Dadra and Nagar Haveli and Daman and Diu,Nagar Haveli
798,"Apr 15, 2017 - Apr 16, 2017",2017,Odisha,Bhubaneshwar
799,"Apr 14, 2017 - Apr 14, 2017",2017,Maharashtra,Nagpur
800,"Apr 06, 2017 - Apr 06, 2017",2017,Jharkhand,Sahibganj
801,"Apr 02, 2017 - Apr 02, 2017",2017,Jammu and Kashmir,Jammu
802,"Apr 02, 2017 - Apr 02, 2017",2017,Jammu and Kashmir,
803,"Apr 02, 2017 - Apr 02, 2017",2017,Uttar Pradesh,Allahabad
804,"Mar 19, 2017 - Mar 19, 2017",2017,Uttar Pradesh,Lucknow
805,"Mar 18, 2017 - Mar 18, 2017",2017,Uttarakhand,Dehradun
806,"Mar 07, 2017 - Mar 08, 2017",2017,Gujarat,
807,"Mar 05, 2017 - Mar 06, 2017",2017,Uttar Pradesh,Varanasi
808,"Mar 04, 2017 - Mar 04, 2017",2017,Uttar Pradesh,Jaunpur
809,"Mar 04, 2017 - Mar 04, 2017",2017,Uttar Pradesh,Varanasi
810,"Mar 03, 2017 - Mar 03, 2017",2017,Uttar Pradesh,Mirzapur
811,"Mar 01, 2017 - Mar 01, 2017",2017,Uttar Pradesh,Maharajganj
812,"Mar 01, 2017 - Mar 01, 2017",2017,Uttar Pradesh,Deoria
813,"Feb 27, 2017 - Feb 27, 2017",2017,Uttar Pradesh,Mau
814,"Feb 25, 2017 - Feb 25, 2017",2017,Manipur,Imphal
815,"Feb 24, 2017 - Feb 24, 2017",2017,Tamil Nadu,Coimbatore
816,"Feb 24, 2017 - Feb 24, 2017",2017,Uttar Pradesh,Gonda
817,"Feb 23, 2017 - Feb 23, 2017",2017,Uttar Pradesh,Bahraich
818,"Feb 23, 2017 - Feb 23, 2017",2017,Uttar Pradesh,Basti
819,"Feb 20, 2017 - Feb 20, 2017",2017,Uttar Pradesh,Orai
820,"Feb 20, 2017 - Feb 20, 2017",2017,Uttar Pradesh,Phoolpur
821,"Feb 19, 2017 - Feb 19, 2017",2017,Uttar Pradesh,Fatehpur
822,"Feb 16, 2017 - Feb 16, 2017",2017,Uttar Pradesh,Barabanki
823,"Feb 16, 2017 - Feb 16, 2017",2017,Uttar Pradesh,Hardoi
824,"Feb 15, 2017 - Feb 15, 2017",2017,Uttar Pradesh,Kannauj
825,"Feb 13, 2017 - Feb 13, 2017",2017,Uttar Pradesh,Lakhimpur
826,"Feb 11, 2017 - Feb 11, 2017",2017,Uttarakhand,Rudrapur
827,"Feb 11, 2017 - Feb 11, 2017",2017,Uttar Pradesh,Badaun
828,"Feb 10, 2017 - Feb 10, 2017",2017,Uttarakhand,Haridwar
829,"Feb 10, 2017 - Feb 10, 2017",2017,Uttar Pradesh,Bijnor
830,"Feb 08, 2017 - Feb 08, 2017",2017,Uttar Pradesh,Ghaziabad
831,"Feb 05, 2017 - Feb 05, 2017",2017,Uttar Pradesh,Aligarh
832,"Feb 04, 2017 - Feb 04, 2017",2017,Uttar Pradesh,Meerut
833,"Jan 29, 2017 - Jan 29, 2017",2017,Punjab,Faridkot
834,"Jan 28, 2017 - Jan 28, 2017",2017,Goa,Panaji
835,"Jan 27, 2017 - Jan 27, 2017",2017,Punjab,Jalandhar
836,"Jan 21, 2017 - Jan 21, 2017",2017,Uttarakhand,Dehradun
837,"Jan 09, 2017 - Jan 10, 2017",2017,Gujarat,Gandhinagar
838,"Jan 08, 2017 - Jan 08, 2017",2017,Karnataka,Bengaluru
839,"Jan 05, 2017 - Jan 05, 2017",2017,Bihar,Patna Sahib
840,"Jan 03, 2017 - Jan 03, 2017",2017,Andhra Pradesh,Tirupati
841,"Jan 02, 2017 - Jan 02, 2017",2017,Uttar Pradesh,Lucknow
842,"Dec 28, 2016 - Dec 28, 2016",2016,Madhya Pradesh,
843,"Dec 27, 2016 - Dec 27, 2016",2016,Uttarakhand,
844,"Dec 24, 2016 - Dec 24, 2016",2016,Maharashtra,
845,"Dec 22, 2016 - Dec 22, 2016",2016,Uttar Pradesh,Varanasi
846,"Dec 19, 2016 - Dec 19, 2016",2016,Uttar Pradesh,Kanpur
847,"Dec 11, 2016 - Dec 11, 2016",2016,Uttar Pradesh,Lucknow
848,"Dec 10, 2016 - Dec 10, 2016",2016,Gujarat,
849,"Dec 06, 2016 - Dec 06, 2016",2016,Tamil Nadu,
850,"Dec 03, 2016 - Dec 04, 2016",2016,Uttar Pradesh,Moradabad
851,"Dec 03, 2016 - Dec 04, 2016",2016,Punjab,Amritsar
852,"Nov 27, 2016 - Nov 27, 2016",2016,Uttar Pradesh,Kushinagar
853,"Nov 25, 2016 - Nov 26, 2016",2016,Punjab,Bhatinda
854,"Nov 25, 2016 - Nov 26, 2016",2016,Telangana,Hyderabad
855,"Nov 20, 2016 - Nov 20, 2016",2016,Haryana,Surajkund
856,"Nov 20, 2016 - Nov 20, 2016",2016,Uttar Pradesh,Agra
857,"Nov 14, 2016 - Nov 14, 2016",2016,Uttar Pradesh,Ghazipur
858,"Nov 13, 2016 - Nov 13, 2016",2016,Maharashtra,Pune
859,"Nov 01, 2016 - Nov 01, 2016",2016,Chhattisgarh,Raipur
860,"Nov 01, 2016 - Nov 01, 2016",2016,Haryana,Gurugram
861,"Oct 24, 2016 - Oct 24, 2016",2016,Uttar Pradesh,Mahoba
862,"Oct 24, 2016 - Oct 24, 2016",2016,Uttar Pradesh,Varanasi
863,"Oct 22, 2016 - Oct 22, 2016",2016,Gujarat,Vadodara
864,"Oct 18, 2016 - Oct 18, 2016",2016,Himachal Pradesh,Mandi
865,"Oct 18, 2016 - Oct 18, 2016",2016,Punjab,Ludhiana
866,"Oct 15, 2016 - Oct 17, 2016",2016,Goa,
867,"Oct 14, 2016 - Oct 14, 2016",2016,Madhya Pradesh,Bhopal
868,"Oct 11, 2016 - Oct 11, 2016",2016,Uttar Pradesh,Lucknow
869,"Sep 24, 2016 - Sep 25, 2016",2016,Kerala,Kozhikode
870,"Sep 16, 2016 - Sep 17, 2016",2016,Gujarat,
871,"Aug 30, 2016 - Aug 30, 2016",2016,Gujarat,Jamnagar
872,"Aug 15, 2016 - Aug 15, 2016",2016,Madhya Pradesh,Sarangpur
873,"Aug 09, 2016 - Aug 09, 2016",2016,Madhya Pradesh,Bhabra
874,"Aug 07, 2016 - Aug 07, 2016",2016,Telangana,Gajwel
875,"Aug 07, 2016 - Aug 07, 2016",2016,Telangana,Hyderabad
876,"Jul 22, 2016 - Jul 22, 2016",2016,Uttar Pradesh,Gorakhpur
877,"Jun 20, 2016 - Jun 21, 2016",2016,Chandigarh,
878,"Jun 12, 2016 - Jun 13, 2016",2016,Uttar Pradesh,Allahabad
879,"Jun 02, 2016 - Jun 02, 2016",2016,Odisha,
880,"May 27, 2016 - May 28, 2016",2016,Meghalaya,
881,"May 26, 2016 - May 26, 2016",2016,Uttar Pradesh,Saharanpur
882,"May 24, 2016 - May 24, 2016",2016,Assam,
883,"May 14, 2016 - May 14, 2016",2016,Madhya Pradesh,Ujjain
884,"May 11, 2016 - May 11, 2016",2016,Tamil Nadu,Vedaranyam
885,"May 11, 2016 - May 11, 2016",2016,Kerala,Trippunithura
886,"May 08, 2016 - May 08, 2016",2016,Kerala,Thiruvananthapuram
887,"May 08, 2016 - May 08, 2016",2016,Tamil Nadu,Kanyakumari
888,"May 06, 2016 - May 06, 2016",2016,Kerala,Palakkad
889,"May 06, 2016 - May 06, 2016",2016,Tamil Nadu,Hosur
890,"May 06, 2016 - May 06, 2016",2016,Tamil Nadu,Chennai
891,"May 01, 2016 - May 01, 2016",2016,Uttar Pradesh,Ballia
892,"May 01, 2016 - May 01, 2016",2016,Uttar Pradesh,Varanasi
893,"Apr 24, 2016 - Apr 24, 2016",2016,Jharkhand,
894,"Apr 21, 2016 - Apr 21, 2016",2016,West Bengal,
895,"Apr 19, 2016 - Apr 19, 2016",2016,Jammu and Kashmir,Katra
896,"Apr 17, 2016 - Apr 17, 2016",2016,West Bengal,
897,"Apr 14, 2016 - Apr 14, 2016",2016,Maharashtra,Mumbai
898,"Apr 14, 2016 - Apr 14, 2016",2016,Madhya Pradesh,Mhow
899,"Apr 10, 2016 - Apr 10, 2016",2016,Kerala,
900,"Apr 07, 2016 - Apr 08, 2016",2016,West Bengal,
901,"Apr 07, 2016 - Apr 08, 2016",2016,Assam,
902,"Apr 05, 2016 - Apr 05, 2016",2016,Uttar Pradesh,Noida
903,"Mar 26, 2016 - Mar 27, 2016",2016,Assam,
904,"Mar 26, 2016 - Mar 27, 2016",2016,West Bengal,
905,"Mar 18, 2016 - Mar 18, 2016",2016,Rajasthan,Pokhran
906,"Mar 12, 2016 - Mar 12, 2016",2016,Bihar,
907,"Feb 22, 2016 - Feb 22, 2016",2016,Uttar Pradesh,Varanasi
908,"Feb 21, 2016 - Feb 21, 2016",2016,West Bengal,
909,"Feb 18, 2016 - Feb 18, 2016",2016,Madhya Pradesh,Sehore
910,"Feb 13, 2016 - Feb 13, 2016",2016,Maharashtra,Mumbai
911,"Feb 05, 2016 - Feb 07, 2016",2016,Odisha,
912,"Feb 02, 2016 - Feb 02, 2016",2016,Kerala,
913,"Feb 02, 2016 - Feb 02, 2016",2016,Tamil Nadu,
914,"Jan 25, 2016 - Jan 25, 2016",2016,Haryana,Gurgaon
915,"Jan 24, 2016 - Jan 24, 2016",2016,Chandigarh,
916,"Jan 22, 2016 - Jan 22, 2016",2016,Uttar Pradesh,Varanasi
917,"Jan 22, 2016 - Jan 22, 2016",2016,Uttar Pradesh,Lucknow
918,"Jan 18, 2016 - Jan 19, 2016",2016,Sikkim,
919,"Jan 18, 2016 - Jan 19, 2016",2016,Assam,
920,"Jan 09, 2016 - Jan 09, 2016",2016,Punjab,Pathankot
921,"Jan 02, 2016 - Jan 03, 2016",2016,Karnataka,
922,"Dec 31, 2015 - Dec 31, 2015",2015,Uttar Pradesh,Noida
923,"Dec 18, 2015 - Dec 20, 2015",2015,Gujarat,Kutch
924,"Dec 14, 2015 - Dec 15, 2015",2015,Kerala,Varkala
925,"Dec 12, 2015 - Dec 12, 2015",2015,Uttar Pradesh,Varanasi
926,"Dec 03, 2015 - Dec 03, 2015",2015,Tamil Nadu,Chennai
927,"Nov 07, 2015 - Nov 07, 2015",2015,Jammu and Kashmir,Srinagar
928,"Nov 07, 2015 - Nov 07, 2015",2015,Jammu and Kashmir,Chanderkote
929,"Nov 05, 2015 - Nov 05, 2015",2015,Haryana,Sonipat
930,"Nov 02, 2015 - Nov 02, 2015",2015,Bihar,Darbhanga
931,"Nov 01, 2015 - Nov 01, 2015",2015,Bihar,Katihar
932,"Oct 30, 2015 - Oct 30, 2015",2015,Bihar,Muzaffarpur
933,"Oct 27, 2015 - Oct 27, 2015",2015,Bihar,Motihari
934,"Oct 26, 2015 - Oct 26, 2015",2015,Bihar,Buxar
935,"Oct 26, 2015 - Oct 26, 2015",2015,Bihar,Siwan
936,"Oct 25, 2015 - Oct 25, 2015",2015,Haryana,Sona
937,"Oct 22, 2015 - Oct 22, 2015",2015,Andhra Pradesh,Amaravathi
938,"Oct 22, 2015 - Oct 22, 2015",2015,Andhra Pradesh,Tirupati
939,"Oct 12, 2015 - Oct 12, 2015",2015,Bihar,Jehanabad
940,"Oct 12, 2015 - Oct 12, 2015",2015,Bihar,Bhabua
941,"Oct 11, 2015 - Oct 11, 2015",2015,Maharashtra,Mumbai
942,"Oct 09, 2015 - Oct 09, 2015",2015,Bihar,Sasaram
943,"Oct 09, 2015 - Oct 09, 2015",2015,Maharashtra,Aurangabad
944,"Oct 08, 2015 - Oct 08, 2015",2015,Bihar,Nawada
945,"Oct 06, 2015 - Oct 06, 2015",2015,Karnataka,Bengaluru
946,"Oct 02, 2015 - Oct 02, 2015",2015,Bihar,Banka
947,"Oct 02, 2015 - Oct 02, 2015",2015,Jharkhand,Khunti
948,"Oct 02, 2015 - Oct 02, 2015",2015,Jharkhand,Dumka
949,"Sep 18, 2015 - Sep 18, 2015",2015,Uttar Pradesh,Varanasi
950,"Sep 11, 2015 - Sep 11, 2015",2015,Uttarakhand,Rishikesh
951,"Sep 10, 2015 - Sep 10, 2015",2015,Madhya Pradesh,Bhopal
952,"Sep 06, 2015 - Sep 06, 2015",2015,Haryana,Faridabad
953,"Sep 05, 2015 - Sep 05, 2015",2015,Bihar,Bodh Gaya
954,"Sep 01, 2015 - Sep 01, 2015",2015,Bihar,Bhagalpur
955,"Aug 21, 2015 - Aug 21, 2015",2015,Rajasthan,Jaipur
956,"Aug 18, 2015 - Aug 18, 2015",2015,Bihar,Saharsa
957,"Aug 18, 2015 - Aug 18, 2015",2015,Bihar,Ara
958,"Aug 09, 2015 - Aug 09, 2015",2015,Bihar,Gaya
959,"Aug 07, 2015 - Aug 07, 2015",2015,Tamil Nadu,Chennai
960,"Jul 30, 2015 - Jul 30, 2015",2015,Tamil Nadu,Rameswaram
961,"Jul 25, 2015 - Jul 25, 2015",2015,Bihar,Muzaffarpur
962,"Jul 25, 2015 - Jul 25, 2015",2015,Bihar,Patna
963,"Jul 17, 2015 - Jul 17, 2015",2015,Jammu and Kashmir,Jammu
964,"Jun 28, 2015 - Jun 28, 2015",2015,Jharkhand,
965,"May 25, 2015 - May 25, 2015",2015,Uttar Pradesh,
966,"May 09, 2015 - May 10, 2015",2015,Chhattisgarh,
967,"May 09, 2015 - May 10, 2015",2015,West Bengal,
968,"Apr 02, 2015 - Apr 04, 2015",2015,Karnataka,
969,"Apr 02, 2015 - Apr 02, 2015",2015,Maharashtra,
970,"Apr 01, 2015 - Apr 01, 2015",2015,Odisha,
971,"Mar 23, 2015 - Mar 23, 2015",2015,Punjab,
972,"Mar 05, 2015 - Mar 05, 2015",2015,Madhya Pradesh,
973,"Mar 01, 2015 - Mar 01, 2015",2015,Jammu and Kashmir,Jammu
974,"Mar 01, 2015 - Mar 01, 2015",2015,Jammu and Kashmir,
975,"Feb 21, 2015 - Feb 21, 2015",2015,Uttar Pradesh,
976,"Feb 20, 2015 - Feb 20, 2015",2015,Arunachal Pradesh,
977,"Feb 20, 2015 - Feb 20, 2015",2015,Jharkhand,
978,"Feb 19, 2015 - Feb 19, 2015",2015,Rajasthan,
979,"Feb 18, 2015 - Feb 18, 2015",2015,Karnataka,
980,"Feb 14, 2015 - Feb 14, 2015",2015,Maharashtra,
981,"Jan 21, 2015 - Jan 21, 2015",2015,Haryana,
982,"Jan 18, 2015 - Jan 18, 2015",2015,Maharashtra,
983,"Jan 10, 2015 - Jan 11, 2015",2015,Gujarat,
984,"Jan 07, 2015 - Jan 08, 2015",2015,Gujarat,
985,"Jan 02, 2015 - Jan 03, 2015",2015,Maharashtra,
986,"Dec 25, 2014 - Dec 25, 2014",2014,Uttar Pradesh,Varanasi
987,"Dec 16, 2014 - Dec 16, 2014",2014,Jammu and Kashmir,Jammu
988,"Dec 16, 2014 - Dec 16, 2014",2014,Jammu and Kashmir,
989,"Dec 15, 2014 - Dec 15, 2014",2014,Jharkhand,
990,"Dec 13, 2014 - Dec 13, 2014",2014,Jammu and Kashmir,Jammu
991,"Dec 13, 2014 - Dec 13, 2014",2014,Jammu and Kashmir,
992,"Dec 09, 2014 - Dec 09, 2014",2014,Jharkhand,
993,"Dec 08, 2014 - Dec 08, 2014",2014,Jammu and Kashmir,Jammu
994,"Dec 08, 2014 - Dec 08, 2014",2014,Jammu and Kashmir,
995,"Dec 06, 2014 - Dec 06, 2014",2014,Jharkhand,
996,"Nov 29, 2014 - Dec 01, 2014",2014,Tripura,
997,"Nov 29, 2014 - Nov 29, 2014",2014,Jharkhand,
998,"Nov 28, 2014 - Nov 28, 2014",2014,Jammu and Kashmir,Jammu
999,"Nov 28, 2014 - Nov 28, 2014",2014,Jammu and Kashmir,
1000,"Nov 25, 2014 - Nov 25, 2014",2014,Jharkhand,
1001,"Nov 22, 2014 - Nov 22, 2014",2014,Jammu and Kashmir,Jammu
1002,"Nov 22, 2014 - Nov 22, 2014",2014,Jammu and Kashmir,
1003,"Nov 21, 2014 - Nov 21, 2014",2014,Jharkhand,
1004,"Nov 07, 2014 - Nov 08, 2014",2014,Uttar Pradesh,
1005,"Oct 31, 2014 - Oct 31, 2014",2014,Maharashtra,
1006,"Oct 26, 2014 - Oct 26, 2014",2014,Haryana,
1007,"Oct 25, 2014 - Oct 25, 2014",2014,Maharashtra,
1008,"Oct 23, 2014 - Oct 23, 2014",2014,Jammu and Kashmir,Jammu
1009,"Oct 23, 2014 - Oct 23, 2014",2014,Jammu and Kashmir,
1010,"Oct 14, 2014 - Oct 14, 2014",2014,Andhra Pradesh,
1011,"Oct 12, 2014 - Oct 12, 2014",2014,Maharashtra,
1012,"Oct 11, 2014 - Oct 11, 2014",2014,Haryana,
1013,"Oct 09, 2014 - Oct 10, 2014",2014,Maharashtra,
1014,"Oct 09, 2014 - Oct 09, 2014",2014,Madhya Pradesh,
1015,"Oct 08, 2014 - Oct 08, 2014",2014,Haryana,
1016,"Oct 07, 2014 - Oct 07, 2014",2014,Maharashtra,
